data/rgb/0000000007.png,data/depth/0000000007.png
data/rgb/0000000008.png,data/depth/0000000008.png
data/rgb/0000000010.png,data/depth/0000000010.png
data/rgb/0000000011.png,data/depth/0000000011.png
data/rgb/0000000012.png,data/depth/0000000012.png
data/rgb/0000000014.png,data/depth/0000000014.png
data/rgb/0000000015.png,data/depth/0000000015.png
data/rgb/0000000016.png,data/depth/0000000016.png
data/rgb/0000000018.png,data/depth/0000000018.png
data/rgb/0000000019.png,data/depth/0000000019.png
data/rgb/0000000021.png,data/depth/0000000021.png
data/rgb/0000000022.png,data/depth/0000000022.png
data/rgb/0000000023.png,data/depth/0000000023.png
data/rgb/0000000025.png,data/depth/0000000025.png
data/rgb/0000000026.png,data/depth/0000000026.png
data/rgb/0000000027.png,data/depth/0000000027.png
data/rgb/0000000029.png,data/depth/0000000029.png
data/rgb/0000000030.png,data/depth/0000000030.png
data/rgb/0000000031.png,data/depth/0000000031.png
data/rgb/0000000033.png,data/depth/0000000033.png
data/rgb/0000000034.png,data/depth/0000000034.png
data/rgb/0000000035.png,data/depth/0000000035.png
data/rgb/0000000037.png,data/depth/0000000037.png
data/rgb/0000000038.png,data/depth/0000000038.png
data/rgb/0000000039.png,data/depth/0000000039.png
data/rgb/0000000041.png,data/depth/0000000041.png
data/rgb/0000000042.png,data/depth/0000000042.png
data/rgb/0000000043.png,data/depth/0000000043.png
data/rgb/0000000045.png,data/depth/0000000045.png
data/rgb/0000000046.png,data/depth/0000000046.png
data/rgb/0000000047.png,data/depth/0000000047.png
data/rgb/0000000049.png,data/depth/0000000049.png
data/rgb/0000000050.png,data/depth/0000000050.png
data/rgb/0000000052.png,data/depth/0000000052.png
data/rgb/0000000053.png,data/depth/0000000053.png
data/rgb/0000000054.png,data/depth/0000000054.png
data/rgb/0000000056.png,data/depth/0000000056.png
data/rgb/0000000057.png,data/depth/0000000057.png
data/rgb/0000000058.png,data/depth/0000000058.png
data/rgb/0000000060.png,data/depth/0000000060.png
data/rgb/0000000061.png,data/depth/0000000061.png
data/rgb/0000000062.png,data/depth/0000000062.png
data/rgb/0000000064.png,data/depth/0000000064.png
data/rgb/0000000065.png,data/depth/0000000065.png
data/rgb/0000000066.png,data/depth/0000000066.png
data/rgb/0000000068.png,data/depth/0000000068.png
data/rgb/0000000069.png,data/depth/0000000069.png
data/rgb/0000000070.png,data/depth/0000000070.png
data/rgb/0000000072.png,data/depth/0000000072.png
data/rgb/0000000073.png,data/depth/0000000073.png
data/rgb/0000000074.png,data/depth/0000000074.png
data/rgb/0000000076.png,data/depth/0000000076.png
data/rgb/0000000077.png,data/depth/0000000077.png
data/rgb/0000000078.png,data/depth/0000000078.png
data/rgb/0000000080.png,data/depth/0000000080.png
data/rgb/0000000081.png,data/depth/0000000081.png
data/rgb/0000000083.png,data/depth/0000000083.png
data/rgb/0000000084.png,data/depth/0000000084.png
data/rgb/0000000085.png,data/depth/0000000085.png
data/rgb/0000000087.png,data/depth/0000000087.png
data/rgb/0000000088.png,data/depth/0000000088.png
data/rgb/0000000089.png,data/depth/0000000089.png
data/rgb/0000000091.png,data/depth/0000000091.png
data/rgb/0000000092.png,data/depth/0000000092.png
data/rgb/0000000093.png,data/depth/0000000093.png
data/rgb/0000000095.png,data/depth/0000000095.png
data/rgb/0000000096.png,data/depth/0000000096.png
data/rgb/0000000097.png,data/depth/0000000097.png
data/rgb/0000000099.png,data/depth/0000000099.png
data/rgb/0000000100.png,data/depth/0000000100.png
data/rgb/0000000101.png,data/depth/0000000101.png
data/rgb/0000000103.png,data/depth/0000000103.png
data/rgb/0000000104.png,data/depth/0000000104.png
data/rgb/0000000105.png,data/depth/0000000105.png
data/rgb/0000000107.png,data/depth/0000000107.png
data/rgb/0000000108.png,data/depth/0000000108.png
data/rgb/0000000109.png,data/depth/0000000109.png
data/rgb/0000000111.png,data/depth/0000000111.png
data/rgb/0000000112.png,data/depth/0000000112.png
data/rgb/0000000114.png,data/depth/0000000114.png
data/rgb/0000000115.png,data/depth/0000000115.png
data/rgb/0000000116.png,data/depth/0000000116.png
data/rgb/0000000118.png,data/depth/0000000118.png
data/rgb/0000000119.png,data/depth/0000000119.png
data/rgb/0000000120.png,data/depth/0000000120.png
data/rgb/0000000122.png,data/depth/0000000122.png
data/rgb/0000000123.png,data/depth/0000000123.png
data/rgb/0000000124.png,data/depth/0000000124.png
data/rgb/0000000126.png,data/depth/0000000126.png
data/rgb/0000000127.png,data/depth/0000000127.png
data/rgb/0000000128.png,data/depth/0000000128.png
data/rgb/0000000130.png,data/depth/0000000130.png
data/rgb/0000000131.png,data/depth/0000000131.png
data/rgb/0000000132.png,data/depth/0000000132.png
data/rgb/0000000134.png,data/depth/0000000134.png
data/rgb/0000000135.png,data/depth/0000000135.png
data/rgb/0000000136.png,data/depth/0000000136.png
data/rgb/0000000138.png,data/depth/0000000138.png
data/rgb/0000000139.png,data/depth/0000000139.png
data/rgb/0000000140.png,data/depth/0000000140.png
data/rgb/0000000142.png,data/depth/0000000142.png
data/rgb/0000000143.png,data/depth/0000000143.png
data/rgb/0000000145.png,data/depth/0000000145.png
data/rgb/0000000146.png,data/depth/0000000146.png
data/rgb/0000000147.png,data/depth/0000000147.png
data/rgb/0000000149.png,data/depth/0000000149.png
data/rgb/0000000150.png,data/depth/0000000150.png
data/rgb/0000000151.png,data/depth/0000000151.png
data/rgb/0000000153.png,data/depth/0000000153.png
data/rgb/0000000154.png,data/depth/0000000154.png
data/rgb/0000000155.png,data/depth/0000000155.png
data/rgb/0000000157.png,data/depth/0000000157.png
data/rgb/0000000158.png,data/depth/0000000158.png
data/rgb/0000000159.png,data/depth/0000000159.png
data/rgb/0000000161.png,data/depth/0000000161.png
data/rgb/0000000162.png,data/depth/0000000162.png
data/rgb/0000000163.png,data/depth/0000000163.png
data/rgb/0000000165.png,data/depth/0000000165.png
data/rgb/0000000166.png,data/depth/0000000166.png
data/rgb/0000000167.png,data/depth/0000000167.png
data/rgb/0000000169.png,data/depth/0000000169.png
data/rgb/0000000170.png,data/depth/0000000170.png
data/rgb/0000000171.png,data/depth/0000000171.png
data/rgb/0000000173.png,data/depth/0000000173.png
data/rgb/0000000174.png,data/depth/0000000174.png
data/rgb/0000000176.png,data/depth/0000000176.png
data/rgb/0000000177.png,data/depth/0000000177.png
data/rgb/0000000178.png,data/depth/0000000178.png
data/rgb/0000000180.png,data/depth/0000000180.png
data/rgb/0000000181.png,data/depth/0000000181.png
data/rgb/0000000182.png,data/depth/0000000182.png
data/rgb/0000000184.png,data/depth/0000000184.png
data/rgb/0000000185.png,data/depth/0000000185.png
data/rgb/0000000186.png,data/depth/0000000186.png
data/rgb/0000000188.png,data/depth/0000000188.png
data/rgb/0000000189.png,data/depth/0000000189.png
data/rgb/0000000190.png,data/depth/0000000190.png
data/rgb/0000000192.png,data/depth/0000000192.png
data/rgb/0000000193.png,data/depth/0000000193.png
data/rgb/0000000194.png,data/depth/0000000194.png
data/rgb/0000000196.png,data/depth/0000000196.png
data/rgb/0000000197.png,data/depth/0000000197.png
data/rgb/0000000198.png,data/depth/0000000198.png
data/rgb/0000000200.png,data/depth/0000000200.png
data/rgb/0000000201.png,data/depth/0000000201.png
data/rgb/0000000202.png,data/depth/0000000202.png
data/rgb/0000000204.png,data/depth/0000000204.png
data/rgb/0000000205.png,data/depth/0000000205.png
data/rgb/0000000207.png,data/depth/0000000207.png
data/rgb/0000000208.png,data/depth/0000000208.png
data/rgb/0000000209.png,data/depth/0000000209.png
data/rgb/0000000211.png,data/depth/0000000211.png
data/rgb/0000000212.png,data/depth/0000000212.png
data/rgb/0000000213.png,data/depth/0000000213.png
data/rgb/0000000215.png,data/depth/0000000215.png
data/rgb/0000000216.png,data/depth/0000000216.png
data/rgb/0000000217.png,data/depth/0000000217.png
data/rgb/0000000219.png,data/depth/0000000219.png
data/rgb/0000000220.png,data/depth/0000000220.png
data/rgb/0000000221.png,data/depth/0000000221.png
data/rgb/0000000223.png,data/depth/0000000223.png
data/rgb/0000000224.png,data/depth/0000000224.png
data/rgb/0000000225.png,data/depth/0000000225.png
data/rgb/0000000227.png,data/depth/0000000227.png
data/rgb/0000000228.png,data/depth/0000000228.png
data/rgb/0000000229.png,data/depth/0000000229.png
data/rgb/0000000231.png,data/depth/0000000231.png
data/rgb/0000000232.png,data/depth/0000000232.png
data/rgb/0000000233.png,data/depth/0000000233.png
data/rgb/0000000235.png,data/depth/0000000235.png
data/rgb/0000000236.png,data/depth/0000000236.png
data/rgb/0000000238.png,data/depth/0000000238.png
data/rgb/0000000239.png,data/depth/0000000239.png
data/rgb/0000000240.png,data/depth/0000000240.png
data/rgb/0000000242.png,data/depth/0000000242.png
data/rgb/0000000243.png,data/depth/0000000243.png
data/rgb/0000000244.png,data/depth/0000000244.png
data/rgb/0000000246.png,data/depth/0000000246.png
data/rgb/0000000247.png,data/depth/0000000247.png
data/rgb/0000000248.png,data/depth/0000000248.png
data/rgb/0000000250.png,data/depth/0000000250.png
data/rgb/0000000251.png,data/depth/0000000251.png
data/rgb/0000000252.png,data/depth/0000000252.png
data/rgb/0000000254.png,data/depth/0000000254.png
data/rgb/0000000255.png,data/depth/0000000255.png
data/rgb/0000000256.png,data/depth/0000000256.png
data/rgb/0000000258.png,data/depth/0000000258.png
data/rgb/0000000259.png,data/depth/0000000259.png
data/rgb/0000000260.png,data/depth/0000000260.png
data/rgb/0000000262.png,data/depth/0000000262.png
data/rgb/0000000263.png,data/depth/0000000263.png
data/rgb/0000000264.png,data/depth/0000000264.png
data/rgb/0000000266.png,data/depth/0000000266.png
data/rgb/0000000267.png,data/depth/0000000267.png
data/rgb/0000000269.png,data/depth/0000000269.png
data/rgb/0000000270.png,data/depth/0000000270.png
data/rgb/0000000271.png,data/depth/0000000271.png
data/rgb/0000000273.png,data/depth/0000000273.png
data/rgb/0000000274.png,data/depth/0000000274.png
data/rgb/0000000275.png,data/depth/0000000275.png
data/rgb/0000000277.png,data/depth/0000000277.png
data/rgb/0000000278.png,data/depth/0000000278.png
data/rgb/0000000279.png,data/depth/0000000279.png
data/rgb/0000000281.png,data/depth/0000000281.png
data/rgb/0000000282.png,data/depth/0000000282.png
data/rgb/0000000283.png,data/depth/0000000283.png
data/rgb/0000000285.png,data/depth/0000000285.png
data/rgb/0000000286.png,data/depth/0000000286.png
data/rgb/0000000287.png,data/depth/0000000287.png
data/rgb/0000000289.png,data/depth/0000000289.png
data/rgb/0000000290.png,data/depth/0000000290.png
data/rgb/0000000291.png,data/depth/0000000291.png
data/rgb/0000000293.png,data/depth/0000000293.png
data/rgb/0000000294.png,data/depth/0000000294.png
data/rgb/0000000295.png,data/depth/0000000295.png
data/rgb/0000000297.png,data/depth/0000000297.png
data/rgb/0000000298.png,data/depth/0000000298.png
data/rgb/0000000300.png,data/depth/0000000300.png
data/rgb/0000000301.png,data/depth/0000000301.png
data/rgb/0000000302.png,data/depth/0000000302.png
data/rgb/0000000304.png,data/depth/0000000304.png
data/rgb/0000000305.png,data/depth/0000000305.png
data/rgb/0000000306.png,data/depth/0000000306.png
data/rgb/0000000308.png,data/depth/0000000308.png
data/rgb/0000000309.png,data/depth/0000000309.png
data/rgb/0000000310.png,data/depth/0000000310.png
data/rgb/0000000312.png,data/depth/0000000312.png
data/rgb/0000000313.png,data/depth/0000000313.png
data/rgb/0000000314.png,data/depth/0000000314.png
data/rgb/0000000316.png,data/depth/0000000316.png
data/rgb/0000000317.png,data/depth/0000000317.png
data/rgb/0000000318.png,data/depth/0000000318.png
data/rgb/0000000320.png,data/depth/0000000320.png
data/rgb/0000000321.png,data/depth/0000000321.png
data/rgb/0000000322.png,data/depth/0000000322.png
data/rgb/0000000324.png,data/depth/0000000324.png
data/rgb/0000000325.png,data/depth/0000000325.png
data/rgb/0000000326.png,data/depth/0000000326.png
data/rgb/0000000328.png,data/depth/0000000328.png
data/rgb/0000000329.png,data/depth/0000000329.png
data/rgb/0000000331.png,data/depth/0000000331.png
data/rgb/0000000332.png,data/depth/0000000332.png
data/rgb/0000000333.png,data/depth/0000000333.png
data/rgb/0000000335.png,data/depth/0000000335.png
data/rgb/0000000336.png,data/depth/0000000336.png
data/rgb/0000000337.png,data/depth/0000000337.png
data/rgb/0000000339.png,data/depth/0000000339.png
data/rgb/0000000340.png,data/depth/0000000340.png
data/rgb/0000000341.png,data/depth/0000000341.png
data/rgb/0000000343.png,data/depth/0000000343.png
data/rgb/0000000344.png,data/depth/0000000344.png
data/rgb/0000000345.png,data/depth/0000000345.png
data/rgb/0000000347.png,data/depth/0000000347.png
data/rgb/0000000348.png,data/depth/0000000348.png
data/rgb/0000000349.png,data/depth/0000000349.png
data/rgb/0000000351.png,data/depth/0000000351.png
data/rgb/0000000352.png,data/depth/0000000352.png
data/rgb/0000000353.png,data/depth/0000000353.png
data/rgb/0000000355.png,data/depth/0000000355.png
data/rgb/0000000356.png,data/depth/0000000356.png
data/rgb/0000000357.png,data/depth/0000000357.png
data/rgb/0000000359.png,data/depth/0000000359.png
data/rgb/0000000360.png,data/depth/0000000360.png
data/rgb/0000000362.png,data/depth/0000000362.png
data/rgb/0000000363.png,data/depth/0000000363.png
data/rgb/0000000364.png,data/depth/0000000364.png
data/rgb/0000000366.png,data/depth/0000000366.png
data/rgb/0000000367.png,data/depth/0000000367.png
data/rgb/0000000368.png,data/depth/0000000368.png
data/rgb/0000000370.png,data/depth/0000000370.png
data/rgb/0000000371.png,data/depth/0000000371.png
data/rgb/0000000372.png,data/depth/0000000372.png
data/rgb/0000000374.png,data/depth/0000000374.png
data/rgb/0000000375.png,data/depth/0000000375.png
data/rgb/0000000376.png,data/depth/0000000376.png
data/rgb/0000000378.png,data/depth/0000000378.png
data/rgb/0000000379.png,data/depth/0000000379.png
data/rgb/0000000380.png,data/depth/0000000380.png
data/rgb/0000000382.png,data/depth/0000000382.png
data/rgb/0000000383.png,data/depth/0000000383.png
data/rgb/0000000384.png,data/depth/0000000384.png
data/rgb/0000000386.png,data/depth/0000000386.png
data/rgb/0000000387.png,data/depth/0000000387.png
data/rgb/0000000388.png,data/depth/0000000388.png
data/rgb/0000000390.png,data/depth/0000000390.png
data/rgb/0000000391.png,data/depth/0000000391.png
data/rgb/0000000393.png,data/depth/0000000393.png
data/rgb/0000000394.png,data/depth/0000000394.png
data/rgb/0000000395.png,data/depth/0000000395.png
data/rgb/0000000397.png,data/depth/0000000397.png
data/rgb/0000000398.png,data/depth/0000000398.png
data/rgb/0000000399.png,data/depth/0000000399.png
data/rgb/0000000401.png,data/depth/0000000401.png
data/rgb/0000000402.png,data/depth/0000000402.png
data/rgb/0000000405.png,data/depth/0000000405.png
data/rgb/0000000406.png,data/depth/0000000406.png
data/rgb/0000000407.png,data/depth/0000000407.png
data/rgb/0000000409.png,data/depth/0000000409.png
data/rgb/0000000410.png,data/depth/0000000410.png
data/rgb/0000000411.png,data/depth/0000000411.png
data/rgb/0000000413.png,data/depth/0000000413.png
data/rgb/0000000414.png,data/depth/0000000414.png
data/rgb/0000000415.png,data/depth/0000000415.png
data/rgb/0000000417.png,data/depth/0000000417.png
data/rgb/0000000418.png,data/depth/0000000418.png
data/rgb/0000000419.png,data/depth/0000000419.png
data/rgb/0000000422.png,data/depth/0000000422.png
data/rgb/0000000424.png,data/depth/0000000424.png
data/rgb/0000000426.png,data/depth/0000000426.png
data/rgb/0000000428.png,data/depth/0000000428.png
data/rgb/0000000429.png,data/depth/0000000429.png
data/rgb/0000000430.png,data/depth/0000000430.png
data/rgb/0000000432.png,data/depth/0000000432.png
data/rgb/0000000434.png,data/depth/0000000434.png
data/rgb/0000000437.png,data/depth/0000000437.png
data/rgb/0000000438.png,data/depth/0000000438.png
data/rgb/0000000440.png,data/depth/0000000440.png
data/rgb/0000000441.png,data/depth/0000000441.png
data/rgb/0000000442.png,data/depth/0000000442.png
data/rgb/0000000444.png,data/depth/0000000444.png
data/rgb/0000000446.png,data/depth/0000000446.png
data/rgb/0000000448.png,data/depth/0000000448.png
data/rgb/0000000449.png,data/depth/0000000449.png
data/rgb/0000000450.png,data/depth/0000000450.png
data/rgb/0000000452.png,data/depth/0000000452.png
data/rgb/0000000455.png,data/depth/0000000455.png
data/rgb/0000000456.png,data/depth/0000000456.png
data/rgb/0000000457.png,data/depth/0000000457.png
data/rgb/0000000459.png,data/depth/0000000459.png
data/rgb/0000000460.png,data/depth/0000000460.png
data/rgb/0000000461.png,data/depth/0000000461.png
data/rgb/0000000463.png,data/depth/0000000463.png
data/rgb/0000000464.png,data/depth/0000000464.png
data/rgb/0000000465.png,data/depth/0000000465.png
data/rgb/0000000467.png,data/depth/0000000467.png
data/rgb/0000000468.png,data/depth/0000000468.png
data/rgb/0000000469.png,data/depth/0000000469.png
data/rgb/0000000471.png,data/depth/0000000471.png
data/rgb/0000000472.png,data/depth/0000000472.png
data/rgb/0000000473.png,data/depth/0000000473.png
data/rgb/0000000475.png,data/depth/0000000475.png
data/rgb/0000000476.png,data/depth/0000000476.png
data/rgb/0000000479.png,data/depth/0000000479.png
data/rgb/0000000481.png,data/depth/0000000481.png
data/rgb/0000000483.png,data/depth/0000000483.png
data/rgb/0000000484.png,data/depth/0000000484.png
data/rgb/0000000486.png,data/depth/0000000486.png
data/rgb/0000000487.png,data/depth/0000000487.png
data/rgb/0000000488.png,data/depth/0000000488.png
data/rgb/0000000490.png,data/depth/0000000490.png
data/rgb/0000000492.png,data/depth/0000000492.png
data/rgb/0000000494.png,data/depth/0000000494.png
data/rgb/0000000496.png,data/depth/0000000496.png
data/rgb/0000000498.png,data/depth/0000000498.png
data/rgb/0000000499.png,data/depth/0000000499.png
data/rgb/0000000500.png,data/depth/0000000500.png
data/rgb/0000000502.png,data/depth/0000000502.png
data/rgb/0000000503.png,data/depth/0000000503.png
data/rgb/0000000504.png,data/depth/0000000504.png
data/rgb/0000000506.png,data/depth/0000000506.png
data/rgb/0000000507.png,data/depth/0000000507.png
data/rgb/0000000510.png,data/depth/0000000510.png
data/rgb/0000000511.png,data/depth/0000000511.png
data/rgb/0000000512.png,data/depth/0000000512.png
data/rgb/0000000515.png,data/depth/0000000515.png
data/rgb/0000000517.png,data/depth/0000000517.png
data/rgb/0000000518.png,data/depth/0000000518.png
data/rgb/0000000519.png,data/depth/0000000519.png
data/rgb/0000000521.png,data/depth/0000000521.png
data/rgb/0000000522.png,data/depth/0000000522.png
data/rgb/0000000523.png,data/depth/0000000523.png
data/rgb/0000000525.png,data/depth/0000000525.png
data/rgb/0000000526.png,data/depth/0000000526.png
data/rgb/0000000527.png,data/depth/0000000527.png
data/rgb/0000000529.png,data/depth/0000000529.png
data/rgb/0000000530.png,data/depth/0000000530.png
data/rgb/0000000531.png,data/depth/0000000531.png
data/rgb/0000000533.png,data/depth/0000000533.png
data/rgb/0000000534.png,data/depth/0000000534.png
data/rgb/0000000535.png,data/depth/0000000535.png
data/rgb/0000000537.png,data/depth/0000000537.png
data/rgb/0000000538.png,data/depth/0000000538.png
data/rgb/0000000539.png,data/depth/0000000539.png
data/rgb/0000000541.png,data/depth/0000000541.png
data/rgb/0000000542.png,data/depth/0000000542.png
data/rgb/0000000543.png,data/depth/0000000543.png
data/rgb/0000000545.png,data/depth/0000000545.png
data/rgb/0000000546.png,data/depth/0000000546.png
data/rgb/0000000548.png,data/depth/0000000548.png
data/rgb/0000000549.png,data/depth/0000000549.png
data/rgb/0000000550.png,data/depth/0000000550.png
data/rgb/0000000552.png,data/depth/0000000552.png
data/rgb/0000000553.png,data/depth/0000000553.png
data/rgb/0000000554.png,data/depth/0000000554.png
data/rgb/0000000556.png,data/depth/0000000556.png
data/rgb/0000000557.png,data/depth/0000000557.png
data/rgb/0000000558.png,data/depth/0000000558.png
data/rgb/0000000560.png,data/depth/0000000560.png
data/rgb/0000000561.png,data/depth/0000000561.png
data/rgb/0000000562.png,data/depth/0000000562.png
data/rgb/0000000564.png,data/depth/0000000564.png
data/rgb/0000000565.png,data/depth/0000000565.png
data/rgb/0000000566.png,data/depth/0000000566.png
data/rgb/0000000568.png,data/depth/0000000568.png
data/rgb/0000000569.png,data/depth/0000000569.png
data/rgb/0000000570.png,data/depth/0000000570.png
data/rgb/0000000572.png,data/depth/0000000572.png
data/rgb/0000000573.png,data/depth/0000000573.png
data/rgb/0000000576.png,data/depth/0000000576.png
data/rgb/0000000577.png,data/depth/0000000577.png
data/rgb/0000000579.png,data/depth/0000000579.png
data/rgb/0000000580.png,data/depth/0000000580.png
data/rgb/0000000584.png,data/depth/0000000584.png
data/rgb/0000000585.png,data/depth/0000000585.png
data/rgb/0000000587.png,data/depth/0000000587.png
data/rgb/0000000588.png,data/depth/0000000588.png
data/rgb/0000000589.png,data/depth/0000000589.png
data/rgb/0000000592.png,data/depth/0000000592.png
data/rgb/0000000593.png,data/depth/0000000593.png
data/rgb/0000000595.png,data/depth/0000000595.png
data/rgb/0000000596.png,data/depth/0000000596.png
data/rgb/0000000597.png,data/depth/0000000597.png
data/rgb/0000000599.png,data/depth/0000000599.png
data/rgb/0000000600.png,data/depth/0000000600.png
data/rgb/0000000601.png,data/depth/0000000601.png
data/rgb/0000000603.png,data/depth/0000000603.png
data/rgb/0000000604.png,data/depth/0000000604.png
data/rgb/0000000605.png,data/depth/0000000605.png
data/rgb/0000000607.png,data/depth/0000000607.png
data/rgb/0000000608.png,data/depth/0000000608.png
data/rgb/0000000610.png,data/depth/0000000610.png
data/rgb/0000000611.png,data/depth/0000000611.png
data/rgb/0000000612.png,data/depth/0000000612.png
data/rgb/0000000614.png,data/depth/0000000614.png
data/rgb/0000000615.png,data/depth/0000000615.png
data/rgb/0000000616.png,data/depth/0000000616.png
data/rgb/0000000619.png,data/depth/0000000619.png
data/rgb/0000000620.png,data/depth/0000000620.png
data/rgb/0000000622.png,data/depth/0000000622.png
data/rgb/0000000623.png,data/depth/0000000623.png
data/rgb/0000000624.png,data/depth/0000000624.png
data/rgb/0000000626.png,data/depth/0000000626.png
data/rgb/0000000627.png,data/depth/0000000627.png
data/rgb/0000000628.png,data/depth/0000000628.png
data/rgb/0000000630.png,data/depth/0000000630.png
data/rgb/0000000631.png,data/depth/0000000631.png
data/rgb/0000000632.png,data/depth/0000000632.png
data/rgb/0000000634.png,data/depth/0000000634.png
data/rgb/0000000635.png,data/depth/0000000635.png
data/rgb/0000000636.png,data/depth/0000000636.png
data/rgb/0000000638.png,data/depth/0000000638.png
data/rgb/0000000639.png,data/depth/0000000639.png
data/rgb/0000000642.png,data/depth/0000000642.png
data/rgb/0000000643.png,data/depth/0000000643.png
data/rgb/0000000645.png,data/depth/0000000645.png
data/rgb/0000000646.png,data/depth/0000000646.png
data/rgb/0000000647.png,data/depth/0000000647.png
data/rgb/0000000649.png,data/depth/0000000649.png
data/rgb/0000000650.png,data/depth/0000000650.png
data/rgb/0000000651.png,data/depth/0000000651.png
data/rgb/0000000653.png,data/depth/0000000653.png
data/rgb/0000000655.png,data/depth/0000000655.png
data/rgb/0000000657.png,data/depth/0000000657.png
data/rgb/0000000658.png,data/depth/0000000658.png
data/rgb/0000000661.png,data/depth/0000000661.png
data/rgb/0000000662.png,data/depth/0000000662.png
data/rgb/0000000663.png,data/depth/0000000663.png
data/rgb/0000000665.png,data/depth/0000000665.png
data/rgb/0000000666.png,data/depth/0000000666.png
data/rgb/0000000667.png,data/depth/0000000667.png
data/rgb/0000000669.png,data/depth/0000000669.png
data/rgb/0000000670.png,data/depth/0000000670.png
data/rgb/0000000672.png,data/depth/0000000672.png
data/rgb/0000000673.png,data/depth/0000000673.png
data/rgb/0000000674.png,data/depth/0000000674.png
data/rgb/0000000676.png,data/depth/0000000676.png
data/rgb/0000000677.png,data/depth/0000000677.png
data/rgb/0000000678.png,data/depth/0000000678.png
data/rgb/0000000680.png,data/depth/0000000680.png
data/rgb/0000000681.png,data/depth/0000000681.png
data/rgb/0000000682.png,data/depth/0000000682.png
data/rgb/0000000684.png,data/depth/0000000684.png
data/rgb/0000000685.png,data/depth/0000000685.png
data/rgb/0000000686.png,data/depth/0000000686.png
data/rgb/0000000688.png,data/depth/0000000688.png
data/rgb/0000000689.png,data/depth/0000000689.png
data/rgb/0000000690.png,data/depth/0000000690.png
data/rgb/0000000692.png,data/depth/0000000692.png
data/rgb/0000000693.png,data/depth/0000000693.png
data/rgb/0000000694.png,data/depth/0000000694.png
data/rgb/0000000696.png,data/depth/0000000696.png
data/rgb/0000000697.png,data/depth/0000000697.png
data/rgb/0000000698.png,data/depth/0000000698.png
data/rgb/0000000700.png,data/depth/0000000700.png
data/rgb/0000000701.png,data/depth/0000000701.png
data/rgb/0000000703.png,data/depth/0000000703.png
data/rgb/0000000704.png,data/depth/0000000704.png
data/rgb/0000000705.png,data/depth/0000000705.png
data/rgb/0000000707.png,data/depth/0000000707.png
data/rgb/0000000708.png,data/depth/0000000708.png
data/rgb/0000000709.png,data/depth/0000000709.png
data/rgb/0000000711.png,data/depth/0000000711.png
data/rgb/0000000712.png,data/depth/0000000712.png
data/rgb/0000000713.png,data/depth/0000000713.png
data/rgb/0000000715.png,data/depth/0000000715.png
data/rgb/0000000716.png,data/depth/0000000716.png
data/rgb/0000000717.png,data/depth/0000000717.png
data/rgb/0000000719.png,data/depth/0000000719.png
data/rgb/0000000720.png,data/depth/0000000720.png
data/rgb/0000000721.png,data/depth/0000000721.png
data/rgb/0000000723.png,data/depth/0000000723.png
data/rgb/0000000724.png,data/depth/0000000724.png
data/rgb/0000000725.png,data/depth/0000000725.png
data/rgb/0000000727.png,data/depth/0000000727.png
data/rgb/0000000728.png,data/depth/0000000728.png
data/rgb/0000000729.png,data/depth/0000000729.png
data/rgb/0000000731.png,data/depth/0000000731.png
data/rgb/0000000732.png,data/depth/0000000732.png
data/rgb/0000000734.png,data/depth/0000000734.png
data/rgb/0000000735.png,data/depth/0000000735.png
data/rgb/0000000736.png,data/depth/0000000736.png
data/rgb/0000000738.png,data/depth/0000000738.png
data/rgb/0000000739.png,data/depth/0000000739.png
data/rgb/0000000740.png,data/depth/0000000740.png
data/rgb/0000000742.png,data/depth/0000000742.png
data/rgb/0000000743.png,data/depth/0000000743.png
data/rgb/0000000744.png,data/depth/0000000744.png
data/rgb/0000000746.png,data/depth/0000000746.png
data/rgb/0000000747.png,data/depth/0000000747.png
data/rgb/0000000748.png,data/depth/0000000748.png
data/rgb/0000000750.png,data/depth/0000000750.png
data/rgb/0000000751.png,data/depth/0000000751.png
data/rgb/0000000752.png,data/depth/0000000752.png
data/rgb/0000000754.png,data/depth/0000000754.png
data/rgb/0000000755.png,data/depth/0000000755.png
data/rgb/0000000756.png,data/depth/0000000756.png
data/rgb/0000000758.png,data/depth/0000000758.png
data/rgb/0000000759.png,data/depth/0000000759.png
data/rgb/0000000760.png,data/depth/0000000760.png
data/rgb/0000000762.png,data/depth/0000000762.png
data/rgb/0000000763.png,data/depth/0000000763.png
data/rgb/0000000765.png,data/depth/0000000765.png
data/rgb/0000000766.png,data/depth/0000000766.png
data/rgb/0000000767.png,data/depth/0000000767.png
data/rgb/0000000769.png,data/depth/0000000769.png
data/rgb/0000000770.png,data/depth/0000000770.png
data/rgb/0000000771.png,data/depth/0000000771.png
data/rgb/0000000773.png,data/depth/0000000773.png
data/rgb/0000000774.png,data/depth/0000000774.png
data/rgb/0000000775.png,data/depth/0000000775.png
data/rgb/0000000777.png,data/depth/0000000777.png
data/rgb/0000000778.png,data/depth/0000000778.png
data/rgb/0000000779.png,data/depth/0000000779.png
data/rgb/0000000781.png,data/depth/0000000781.png
data/rgb/0000000782.png,data/depth/0000000782.png
data/rgb/0000000783.png,data/depth/0000000783.png
data/rgb/0000000785.png,data/depth/0000000785.png
data/rgb/0000000786.png,data/depth/0000000786.png
data/rgb/0000000787.png,data/depth/0000000787.png
data/rgb/0000000789.png,data/depth/0000000789.png
data/rgb/0000000790.png,data/depth/0000000790.png
data/rgb/0000000791.png,data/depth/0000000791.png
data/rgb/0000000793.png,data/depth/0000000793.png
data/rgb/0000000794.png,data/depth/0000000794.png
data/rgb/0000000796.png,data/depth/0000000796.png
data/rgb/0000000797.png,data/depth/0000000797.png
data/rgb/0000000798.png,data/depth/0000000798.png
data/rgb/0000000800.png,data/depth/0000000800.png
data/rgb/0000000801.png,data/depth/0000000801.png
data/rgb/0000000802.png,data/depth/0000000802.png
data/rgb/0000000804.png,data/depth/0000000804.png
data/rgb/0000000805.png,data/depth/0000000805.png
data/rgb/0000000806.png,data/depth/0000000806.png
data/rgb/0000000808.png,data/depth/0000000808.png
data/rgb/0000000809.png,data/depth/0000000809.png
data/rgb/0000000810.png,data/depth/0000000810.png
data/rgb/0000000812.png,data/depth/0000000812.png
data/rgb/0000000813.png,data/depth/0000000813.png
data/rgb/0000000814.png,data/depth/0000000814.png
data/rgb/0000000816.png,data/depth/0000000816.png
data/rgb/0000000817.png,data/depth/0000000817.png
data/rgb/0000000818.png,data/depth/0000000818.png
data/rgb/0000000820.png,data/depth/0000000820.png
data/rgb/0000000821.png,data/depth/0000000821.png
data/rgb/0000000822.png,data/depth/0000000822.png
data/rgb/0000000824.png,data/depth/0000000824.png
data/rgb/0000000825.png,data/depth/0000000825.png
data/rgb/0000000827.png,data/depth/0000000827.png
data/rgb/0000000828.png,data/depth/0000000828.png
data/rgb/0000000829.png,data/depth/0000000829.png
data/rgb/0000000831.png,data/depth/0000000831.png
data/rgb/0000000832.png,data/depth/0000000832.png
data/rgb/0000000833.png,data/depth/0000000833.png
data/rgb/0000000835.png,data/depth/0000000835.png
data/rgb/0000000836.png,data/depth/0000000836.png
data/rgb/0000000837.png,data/depth/0000000837.png
data/rgb/0000000839.png,data/depth/0000000839.png
data/rgb/0000000840.png,data/depth/0000000840.png
data/rgb/0000000841.png,data/depth/0000000841.png
data/rgb/0000000843.png,data/depth/0000000843.png
data/rgb/0000000844.png,data/depth/0000000844.png
data/rgb/0000000845.png,data/depth/0000000845.png
data/rgb/0000000847.png,data/depth/0000000847.png
data/rgb/0000000848.png,data/depth/0000000848.png
data/rgb/0000000849.png,data/depth/0000000849.png
data/rgb/0000000851.png,data/depth/0000000851.png
data/rgb/0000000852.png,data/depth/0000000852.png
data/rgb/0000000853.png,data/depth/0000000853.png
data/rgb/0000000855.png,data/depth/0000000855.png
data/rgb/0000000856.png,data/depth/0000000856.png
data/rgb/0000000858.png,data/depth/0000000858.png
data/rgb/0000000859.png,data/depth/0000000859.png
data/rgb/0000000860.png,data/depth/0000000860.png
data/rgb/0000000862.png,data/depth/0000000862.png
data/rgb/0000000863.png,data/depth/0000000863.png
data/rgb/0000000864.png,data/depth/0000000864.png
data/rgb/0000000866.png,data/depth/0000000866.png
data/rgb/0000000867.png,data/depth/0000000867.png
data/rgb/0000000868.png,data/depth/0000000868.png
data/rgb/0000000870.png,data/depth/0000000870.png
data/rgb/0000000871.png,data/depth/0000000871.png
data/rgb/0000000872.png,data/depth/0000000872.png
data/rgb/0000000874.png,data/depth/0000000874.png
data/rgb/0000000875.png,data/depth/0000000875.png
data/rgb/0000000876.png,data/depth/0000000876.png
data/rgb/0000000878.png,data/depth/0000000878.png
data/rgb/0000000879.png,data/depth/0000000879.png
data/rgb/0000000880.png,data/depth/0000000880.png
data/rgb/0000000882.png,data/depth/0000000882.png
data/rgb/0000000883.png,data/depth/0000000883.png
data/rgb/0000000884.png,data/depth/0000000884.png
data/rgb/0000000886.png,data/depth/0000000886.png
data/rgb/0000000887.png,data/depth/0000000887.png
data/rgb/0000000889.png,data/depth/0000000889.png
data/rgb/0000000890.png,data/depth/0000000890.png
data/rgb/0000000891.png,data/depth/0000000891.png
data/rgb/0000000893.png,data/depth/0000000893.png
data/rgb/0000000894.png,data/depth/0000000894.png
data/rgb/0000000895.png,data/depth/0000000895.png
data/rgb/0000000897.png,data/depth/0000000897.png
data/rgb/0000000898.png,data/depth/0000000898.png
data/rgb/0000000899.png,data/depth/0000000899.png
data/rgb/0000000901.png,data/depth/0000000901.png
data/rgb/0000000902.png,data/depth/0000000902.png
data/rgb/0000000903.png,data/depth/0000000903.png
data/rgb/0000000905.png,data/depth/0000000905.png
data/rgb/0000000906.png,data/depth/0000000906.png
data/rgb/0000000907.png,data/depth/0000000907.png
data/rgb/0000000909.png,data/depth/0000000909.png
data/rgb/0000000910.png,data/depth/0000000910.png
data/rgb/0000000911.png,data/depth/0000000911.png
data/rgb/0000000913.png,data/depth/0000000913.png
data/rgb/0000000914.png,data/depth/0000000914.png
data/rgb/0000000915.png,data/depth/0000000915.png
data/rgb/0000000917.png,data/depth/0000000917.png
data/rgb/0000000918.png,data/depth/0000000918.png
data/rgb/0000000920.png,data/depth/0000000920.png
data/rgb/0000000921.png,data/depth/0000000921.png
data/rgb/0000000922.png,data/depth/0000000922.png
data/rgb/0000000924.png,data/depth/0000000924.png
data/rgb/0000000925.png,data/depth/0000000925.png
data/rgb/0000000926.png,data/depth/0000000926.png
data/rgb/0000000928.png,data/depth/0000000928.png
data/rgb/0000000929.png,data/depth/0000000929.png
data/rgb/0000000930.png,data/depth/0000000930.png
