Train;;Validation;;Test;;
0000000007.png;;0000000005.png;;0000000009.png;;Unique
0000000008.png;;0000000055.png;;0000000059.png;;Unique
0000000010.png;;0000000106.png;;0000000110.png;;Unique
0000000011.png;;0000000156.png;;0000000160.png;;Unique
0000000012.png;;0000000206.png;;0000000210.png;;Unique
0000000014.png;;0000000257.png;;0000000261.png;;Unique
0000000015.png;;0000000307.png;;0000000311.png;;Unique
0000000016.png;;0000000358.png;;0000000361.png;;Unique
0000000018.png;;0000000408.png;;0000000412.png;;Unique
0000000019.png;;0000000458.png;;0000000462.png;;Unique
0000000021.png;;0000000509.png;;0000000513.png;;Unique
0000000022.png;;0000000559.png;;0000000563.png;;Unique
0000000023.png;;0000000609.png;;0000000613.png;;Unique
0000000025.png;;0000000660.png;;0000000664.png;;Unique
0000000026.png;;0000000710.png;;0000000714.png;;Unique
0000000027.png;;0000000761.png;;0000000764.png;;Unique
0000000029.png;;0000000811.png;;0000000815.png;;Unique
0000000030.png;;0000000861.png;;0000000865.png;;Unique
0000000031.png;;0000000912.png;;0000000916.png;;Unique
0000000033.png;;0000000013.png;;0000000017.png;;Unique
0000000034.png;;0000000063.png;;0000000067.png;;Unique
0000000035.png;;0000000113.png;;0000000117.png;;Unique
0000000037.png;;0000000164.png;;0000000168.png;;Unique
0000000038.png;;0000000214.png;;0000000218.png;;Unique
0000000039.png;;0000000265.png;;0000000268.png;;Unique
0000000041.png;;0000000315.png;;0000000319.png;;Unique
0000000042.png;;0000000365.png;;0000000369.png;;Unique
0000000043.png;;0000000416.png;;0000000420.png;;Unique
0000000045.png;;0000000466.png;;0000000470.png;;Unique
0000000046.png;;0000000516.png;;0000000520.png;;Unique
0000000047.png;;0000000567.png;;0000000571.png;;Unique
0000000049.png;;0000000617.png;;0000000621.png;;Unique
0000000050.png;;0000000668.png;;0000000671.png;;Unique
0000000052.png;;0000000718.png;;0000000722.png;;Unique
0000000053.png;;0000000768.png;;0000000772.png;;Unique
0000000054.png;;0000000819.png;;0000000823.png;;Unique
0000000056.png;;0000000869.png;;0000000873.png;;Unique
0000000057.png;;0000000919.png;;0000000923.png;;Unique
0000000058.png;;0000000020.png;;0000000024.png;;Unique
0000000060.png;;0000000071.png;;0000000075.png;;Unique
0000000061.png;;0000000121.png;;0000000125.png;;Unique
0000000062.png;;0000000172.png;;0000000175.png;;Unique
0000000064.png;;0000000222.png;;0000000226.png;;Unique
0000000065.png;;0000000272.png;;0000000276.png;;Unique
0000000066.png;;0000000323.png;;0000000327.png;;Unique
0000000068.png;;0000000373.png;;0000000377.png;;Unique
0000000069.png;;0000000423.png;;0000000427.png;;Unique
0000000070.png;;0000000474.png;;0000000478.png;;Unique
0000000072.png;;0000000524.png;;0000000528.png;;Unique
0000000073.png;;0000000575.png;;0000000578.png;;Unique
0000000074.png;;0000000625.png;;0000000629.png;;Unique
0000000076.png;;0000000675.png;;0000000679.png;;Unique
0000000077.png;;0000000726.png;;0000000730.png;;Unique
0000000078.png;;0000000776.png;;0000000780.png;;Unique
0000000080.png;;0000000826.png;;0000000830.png;;Unique
0000000081.png;;0000000877.png;;0000000881.png;;Unique
0000000083.png;;0000000927.png;;0000000032.png;;Unique
0000000084.png;;0000000028.png;;0000000082.png;;Unique
0000000085.png;;0000000079.png;;0000000133.png;;Unique
0000000087.png;;0000000129.png;;0000000183.png;;Unique
0000000088.png;;0000000179.png;;0000000234.png;;Unique
0000000089.png;;0000000230.png;;0000000284.png;;Unique
0000000091.png;;0000000280.png;;0000000334.png;;Unique
0000000092.png;;0000000330.png;;0000000435.png;;Unique
0000000093.png;;0000000381.png;;0000000485.png;;Unique
0000000095.png;;0000000431.png;;0000000536.png;;Unique
0000000096.png;;0000000532.png;;0000000586.png;;Unique
0000000097.png;;0000000582.png;;0000000637.png;;Unique
0000000099.png;;0000000633.png;;0000000687.png;;Unique
0000000100.png;;0000000683.png;;0000000737.png;;Unique
0000000101.png;;0000000733.png;;0000000788.png;;Unique
0000000103.png;;0000000784.png;;0000000838.png;;Unique
0000000104.png;;0000000834.png;;0000000888.png;;Unique
0000000105.png;;0000000885.png;;0000000040.png;;Unique
0000000107.png;;0000000036.png;;0000000090.png;;Unique
0000000108.png;;0000000086.png;;0000000141.png;;Unique
0000000109.png;;0000000137.png;;0000000191.png;;Unique
0000000111.png;;0000000187.png;;0000000241.png;;Unique
0000000112.png;;0000000237.png;;0000000292.png;;Unique
0000000114.png;;0000000288.png;;0000000342.png;;Unique
0000000115.png;;0000000338.png;;0000000392.png;;Unique
0000000116.png;;0000000389.png;;0000000443.png;;Unique
0000000118.png;;0000000439.png;;0000000493.png;;Unique
0000000119.png;;0000000489.png;;0000000594.png;;Unique
0000000120.png;;0000000540.png;;0000000644.png;;Unique
0000000122.png;;0000000590.png;;0000000695.png;;Unique
0000000123.png;;0000000640.png;;0000000745.png;;Unique
0000000124.png;;0000000691.png;;0000000795.png;;Unique
0000000126.png;;0000000741.png;;0000000846.png;;Unique
0000000127.png;;0000000792.png;;0000000896.png;;Unique
0000000128.png;;0000000842.png;;0000000048.png;;Unique
0000000130.png;;0000000892.png;;0000000098.png;;Unique
0000000131.png;;0000000044.png;;0000000148.png;;Unique
0000000132.png;;0000000094.png;;0000000199.png;;Unique
0000000134.png;;0000000144.png;;0000000249.png;;Unique
0000000135.png;;0000000195.png;;0000000299.png;;Unique
0000000136.png;;0000000245.png;;0000000350.png;;Unique
0000000138.png;;0000000296.png;;0000000400.png;;Unique
0000000139.png;;0000000346.png;;0000000451.png;;Unique
0000000140.png;;0000000396.png;;0000000501.png;;Unique
0000000142.png;;0000000447.png;;0000000551.png;;Unique
0000000143.png;;0000000497.png;;0000000602.png;;Unique
0000000145.png;;0000000547.png;;0000000652.png;;Unique
0000000146.png;;0000000598.png;;0000000702.png;;Unique
0000000147.png;;0000000648.png;;0000000753.png;;Unique
0000000149.png;;0000000699.png;;0000000803.png;;Unique
0000000150.png;;0000000749.png;;0000000854.png;;Unique
0000000151.png;;0000000799.png;;0000000904.png;;Unique
0000000153.png;;0000000850.png;;;;Unique
0000000154.png;;0000000900.png;;;;Unique
0000000155.png;;0000000051.png;;;;Unique
0000000157.png;;0000000102.png;;;;Unique
0000000158.png;;0000000152.png;;;;Unique
0000000159.png;;0000000203.png;;;;Unique
0000000161.png;;0000000253.png;;;;Unique
0000000162.png;;0000000303.png;;;;Unique
0000000163.png;;0000000354.png;;;;Unique
0000000165.png;;0000000404.png;;;;Unique
0000000166.png;;0000000454.png;;;;Unique
0000000167.png;;0000000505.png;;;;Unique
0000000169.png;;0000000555.png;;;;Unique
0000000170.png;;0000000606.png;;;;Unique
0000000171.png;;0000000656.png;;;;Unique
0000000173.png;;0000000706.png;;;;Unique
0000000174.png;;0000000757.png;;;;Unique
0000000176.png;;0000000807.png;;;;Unique
0000000177.png;;0000000857.png;;;;Unique
0000000178.png;;0000000908.png;;;;Unique
0000000180.png;;;;;;Unique
0000000181.png;;;;;;Unique
0000000182.png;;;;;;Unique
0000000184.png;;;;;;Unique
0000000185.png;;;;;;Unique
0000000186.png;;;;;;Unique
0000000188.png;;;;;;Unique
0000000189.png;;;;;;Unique
0000000190.png;;;;;;Unique
0000000192.png;;;;;;Unique
0000000193.png;;;;;;Unique
0000000194.png;;;;;;Unique
0000000196.png;;;;;;Unique
0000000197.png;;;;;;Unique
0000000198.png;;;;;;Unique
0000000200.png;;;;;;Unique
0000000201.png;;;;;;Unique
0000000202.png;;;;;;Unique
0000000204.png;;;;;;Unique
0000000205.png;;;;;;Unique
0000000207.png;;;;;;Unique
0000000208.png;;;;;;Unique
0000000209.png;;;;;;Unique
0000000211.png;;;;;;Unique
0000000212.png;;;;;;Unique
0000000213.png;;;;;;Unique
0000000215.png;;;;;;Unique
0000000216.png;;;;;;Unique
0000000217.png;;;;;;Unique
0000000219.png;;;;;;Unique
0000000220.png;;;;;;Unique
0000000221.png;;;;;;Unique
0000000223.png;;;;;;Unique
0000000224.png;;;;;;Unique
0000000225.png;;;;;;Unique
0000000227.png;;;;;;Unique
0000000228.png;;;;;;Unique
0000000229.png;;;;;;Unique
0000000231.png;;;;;;Unique
0000000232.png;;;;;;Unique
0000000233.png;;;;;;Unique
0000000235.png;;;;;;Unique
0000000236.png;;;;;;Unique
0000000238.png;;;;;;Unique
0000000239.png;;;;;;Unique
0000000240.png;;;;;;Unique
0000000242.png;;;;;;Unique
0000000243.png;;;;;;Unique
0000000244.png;;;;;;Unique
0000000246.png;;;;;;Unique
0000000247.png;;;;;;Unique
0000000248.png;;;;;;Unique
0000000250.png;;;;;;Unique
0000000251.png;;;;;;Unique
0000000252.png;;;;;;Unique
0000000254.png;;;;;;Unique
0000000255.png;;;;;;Unique
0000000256.png;;;;;;Unique
0000000258.png;;;;;;Unique
0000000259.png;;;;;;Unique
0000000260.png;;;;;;Unique
0000000262.png;;;;;;Unique
0000000263.png;;;;;;Unique
0000000264.png;;;;;;Unique
0000000266.png;;;;;;Unique
0000000267.png;;;;;;Unique
0000000269.png;;;;;;Unique
0000000270.png;;;;;;Unique
0000000271.png;;;;;;Unique
0000000273.png;;;;;;Unique
0000000274.png;;;;;;Unique
0000000275.png;;;;;;Unique
0000000277.png;;;;;;Unique
0000000278.png;;;;;;Unique
0000000279.png;;;;;;Unique
0000000281.png;;;;;;Unique
0000000282.png;;;;;;Unique
0000000283.png;;;;;;Unique
0000000285.png;;;;;;Unique
0000000286.png;;;;;;Unique
0000000287.png;;;;;;Unique
0000000289.png;;;;;;Unique
0000000290.png;;;;;;Unique
0000000291.png;;;;;;Unique
0000000293.png;;;;;;Unique
0000000294.png;;;;;;Unique
0000000295.png;;;;;;Unique
0000000297.png;;;;;;Unique
0000000298.png;;;;;;Unique
0000000300.png;;;;;;Unique
0000000301.png;;;;;;Unique
0000000302.png;;;;;;Unique
0000000304.png;;;;;;Unique
0000000305.png;;;;;;Unique
0000000306.png;;;;;;Unique
0000000308.png;;;;;;Unique
0000000309.png;;;;;;Unique
0000000310.png;;;;;;Unique
0000000312.png;;;;;;Unique
0000000313.png;;;;;;Unique
0000000314.png;;;;;;Unique
0000000316.png;;;;;;Unique
0000000317.png;;;;;;Unique
0000000318.png;;;;;;Unique
0000000320.png;;;;;;Unique
0000000321.png;;;;;;Unique
0000000322.png;;;;;;Unique
0000000324.png;;;;;;Unique
0000000325.png;;;;;;Unique
0000000326.png;;;;;;Unique
0000000328.png;;;;;;Unique
0000000329.png;;;;;;Unique
0000000331.png;;;;;;Unique
0000000332.png;;;;;;Unique
0000000333.png;;;;;;Unique
0000000335.png;;;;;;Unique
0000000336.png;;;;;;Unique
0000000337.png;;;;;;Unique
0000000339.png;;;;;;Unique
0000000340.png;;;;;;Unique
0000000341.png;;;;;;Unique
0000000343.png;;;;;;Unique
0000000344.png;;;;;;Unique
0000000345.png;;;;;;Unique
0000000347.png;;;;;;Unique
0000000348.png;;;;;;Unique
0000000349.png;;;;;;Unique
0000000351.png;;;;;;Unique
0000000352.png;;;;;;Unique
0000000353.png;;;;;;Unique
0000000355.png;;;;;;Unique
0000000356.png;;;;;;Unique
0000000357.png;;;;;;Unique
0000000359.png;;;;;;Unique
0000000360.png;;;;;;Unique
0000000362.png;;;;;;Unique
0000000363.png;;;;;;Unique
0000000364.png;;;;;;Unique
0000000366.png;;;;;;Unique
0000000367.png;;;;;;Unique
0000000368.png;;;;;;Unique
0000000370.png;;;;;;Unique
0000000371.png;;;;;;Unique
0000000372.png;;;;;;Unique
0000000374.png;;;;;;Unique
0000000375.png;;;;;;Unique
0000000376.png;;;;;;Unique
0000000378.png;;;;;;Unique
0000000379.png;;;;;;Unique
0000000380.png;;;;;;Unique
0000000382.png;;;;;;Unique
0000000383.png;;;;;;Unique
0000000384.png;;;;;;Unique
0000000385.png;;;;;;Unique
0000000386.png;;;;;;Unique
0000000387.png;;;;;;Unique
0000000388.png;;;;;;Unique
0000000390.png;;;;;;Unique
0000000391.png;;;;;;Unique
0000000393.png;;;;;;Unique
0000000394.png;;;;;;Unique
0000000395.png;;;;;;Unique
0000000397.png;;;;;;Unique
0000000398.png;;;;;;Unique
0000000399.png;;;;;;Unique
0000000401.png;;;;;;Unique
0000000402.png;;;;;;Unique
0000000405.png;;;;;;Unique
0000000406.png;;;;;;Unique
0000000407.png;;;;;;Unique
0000000409.png;;;;;;Unique
0000000410.png;;;;;;Unique
0000000411.png;;;;;;Unique
0000000413.png;;;;;;Unique
0000000414.png;;;;;;Unique
0000000415.png;;;;;;Unique
0000000417.png;;;;;;Unique
0000000418.png;;;;;;Unique
0000000419.png;;;;;;Unique
0000000422.png;;;;;;Unique
0000000424.png;;;;;;Unique
0000000426.png;;;;;;Unique
0000000428.png;;;;;;Unique
0000000429.png;;;;;;Unique
0000000430.png;;;;;;Unique
0000000432.png;;;;;;Unique
0000000434.png;;;;;;Unique
0000000437.png;;;;;;Unique
0000000438.png;;;;;;Unique
0000000440.png;;;;;;Unique
0000000441.png;;;;;;Unique
0000000442.png;;;;;;Unique
0000000444.png;;;;;;Unique
0000000446.png;;;;;;Unique
0000000448.png;;;;;;Unique
0000000449.png;;;;;;Unique
0000000450.png;;;;;;Unique
0000000452.png;;;;;;Unique
0000000455.png;;;;;;Unique
0000000456.png;;;;;;Unique
0000000457.png;;;;;;Unique
0000000459.png;;;;;;Unique
0000000460.png;;;;;;Unique
0000000461.png;;;;;;Unique
0000000463.png;;;;;;Unique
0000000464.png;;;;;;Unique
0000000465.png;;;;;;Unique
0000000467.png;;;;;;Unique
0000000468.png;;;;;;Unique
0000000469.png;;;;;;Unique
0000000471.png;;;;;;Unique
0000000472.png;;;;;;Unique
0000000473.png;;;;;;Unique
0000000475.png;;;;;;Unique
0000000476.png;;;;;;Unique
0000000479.png;;;;;;Unique
0000000481.png;;;;;;Unique
0000000482.png;;;;;;Unique
0000000483.png;;;;;;Unique
0000000484.png;;;;;;Unique
0000000486.png;;;;;;Unique
0000000487.png;;;;;;Unique
0000000488.png;;;;;;Unique
0000000490.png;;;;;;Unique
0000000492.png;;;;;;Unique
0000000494.png;;;;;;Unique
0000000496.png;;;;;;Unique
0000000498.png;;;;;;Unique
0000000499.png;;;;;;Unique
0000000500.png;;;;;;Unique
0000000502.png;;;;;;Unique
0000000503.png;;;;;;Unique
0000000504.png;;;;;;Unique
0000000506.png;;;;;;Unique
0000000507.png;;;;;;Unique
0000000510.png;;;;;;Unique
0000000511.png;;;;;;Unique
0000000512.png;;;;;;Unique
0000000515.png;;;;;;Unique
0000000517.png;;;;;;Unique
0000000518.png;;;;;;Unique
0000000519.png;;;;;;Unique
0000000521.png;;;;;;Unique
0000000522.png;;;;;;Unique
0000000523.png;;;;;;Unique
0000000525.png;;;;;;Unique
0000000526.png;;;;;;Unique
0000000527.png;;;;;;Unique
0000000529.png;;;;;;Unique
0000000530.png;;;;;;Unique
0000000531.png;;;;;;Unique
0000000533.png;;;;;;Unique
0000000534.png;;;;;;Unique
0000000535.png;;;;;;Unique
0000000537.png;;;;;;Unique
0000000538.png;;;;;;Unique
0000000539.png;;;;;;Unique
0000000541.png;;;;;;Unique
0000000542.png;;;;;;Unique
0000000543.png;;;;;;Unique
0000000544.png;;;;;;Unique
0000000545.png;;;;;;Unique
0000000546.png;;;;;;Unique
0000000548.png;;;;;;Unique
0000000549.png;;;;;;Unique
0000000550.png;;;;;;Unique
0000000552.png;;;;;;Unique
0000000553.png;;;;;;Unique
0000000554.png;;;;;;Unique
0000000556.png;;;;;;Unique
0000000557.png;;;;;;Unique
0000000558.png;;;;;;Unique
0000000560.png;;;;;;Unique
0000000561.png;;;;;;Unique
0000000562.png;;;;;;Unique
0000000564.png;;;;;;Unique
0000000565.png;;;;;;Unique
0000000566.png;;;;;;Unique
0000000568.png;;;;;;Unique
0000000569.png;;;;;;Unique
0000000570.png;;;;;;Unique
0000000572.png;;;;;;Unique
0000000573.png;;;;;;Unique
0000000576.png;;;;;;Unique
0000000577.png;;;;;;Unique
0000000579.png;;;;;;Unique
0000000580.png;;;;;;Unique
0000000584.png;;;;;;Unique
0000000585.png;;;;;;Unique
0000000587.png;;;;;;Unique
0000000588.png;;;;;;Unique
0000000589.png;;;;;;Unique
0000000592.png;;;;;;Unique
0000000593.png;;;;;;Unique
0000000595.png;;;;;;Unique
0000000596.png;;;;;;Unique
0000000597.png;;;;;;Unique
0000000599.png;;;;;;Unique
0000000600.png;;;;;;Unique
0000000601.png;;;;;;Unique
0000000603.png;;;;;;Unique
0000000604.png;;;;;;Unique
0000000605.png;;;;;;Unique
0000000607.png;;;;;;Unique
0000000608.png;;;;;;Unique
0000000610.png;;;;;;Unique
0000000611.png;;;;;;Unique
0000000612.png;;;;;;Unique
0000000614.png;;;;;;Unique
0000000615.png;;;;;;Unique
0000000616.png;;;;;;Unique
0000000619.png;;;;;;Unique
0000000620.png;;;;;;Unique
0000000622.png;;;;;;Unique
0000000623.png;;;;;;Unique
0000000624.png;;;;;;Unique
0000000626.png;;;;;;Unique
0000000627.png;;;;;;Unique
0000000628.png;;;;;;Unique
0000000630.png;;;;;;Unique
0000000631.png;;;;;;Unique
0000000632.png;;;;;;Unique
0000000634.png;;;;;;Unique
0000000635.png;;;;;;Unique
0000000636.png;;;;;;Unique
0000000638.png;;;;;;Unique
0000000639.png;;;;;;Unique
0000000642.png;;;;;;Unique
0000000643.png;;;;;;Unique
0000000645.png;;;;;;Unique
0000000646.png;;;;;;Unique
0000000647.png;;;;;;Unique
0000000649.png;;;;;;Unique
0000000650.png;;;;;;Unique
0000000651.png;;;;;;Unique
0000000653.png;;;;;;Unique
0000000655.png;;;;;;Unique
0000000657.png;;;;;;Unique
0000000658.png;;;;;;Unique
0000000661.png;;;;;;Unique
0000000662.png;;;;;;Unique
0000000663.png;;;;;;Unique
0000000665.png;;;;;;Unique
0000000666.png;;;;;;Unique
0000000667.png;;;;;;Unique
0000000669.png;;;;;;Unique
0000000670.png;;;;;;Unique
0000000672.png;;;;;;Unique
0000000673.png;;;;;;Unique
0000000674.png;;;;;;Unique
0000000676.png;;;;;;Unique
0000000677.png;;;;;;Unique
0000000678.png;;;;;;Unique
0000000680.png;;;;;;Unique
0000000681.png;;;;;;Unique
0000000682.png;;;;;;Unique
0000000684.png;;;;;;Unique
0000000685.png;;;;;;Unique
0000000686.png;;;;;;Unique
0000000688.png;;;;;;Unique
0000000689.png;;;;;;Unique
0000000690.png;;;;;;Unique
0000000692.png;;;;;;Unique
0000000693.png;;;;;;Unique
0000000694.png;;;;;;Unique
0000000696.png;;;;;;Unique
0000000697.png;;;;;;Unique
0000000698.png;;;;;;Unique
0000000700.png;;;;;;Unique
0000000701.png;;;;;;Unique
0000000703.png;;;;;;Unique
0000000704.png;;;;;;Unique
0000000705.png;;;;;;Unique
0000000707.png;;;;;;Unique
0000000708.png;;;;;;Unique
0000000709.png;;;;;;Unique
0000000711.png;;;;;;Unique
0000000712.png;;;;;;Unique
0000000713.png;;;;;;Unique
0000000715.png;;;;;;Unique
0000000716.png;;;;;;Unique
0000000717.png;;;;;;Unique
0000000719.png;;;;;;Unique
0000000720.png;;;;;;Unique
0000000721.png;;;;;;Unique
0000000723.png;;;;;;Unique
0000000724.png;;;;;;Unique
0000000725.png;;;;;;Unique
0000000727.png;;;;;;Unique
0000000728.png;;;;;;Unique
0000000729.png;;;;;;Unique
0000000731.png;;;;;;Unique
0000000732.png;;;;;;Unique
0000000734.png;;;;;;Unique
0000000735.png;;;;;;Unique
0000000736.png;;;;;;Unique
0000000738.png;;;;;;Unique
0000000739.png;;;;;;Unique
0000000740.png;;;;;;Unique
0000000742.png;;;;;;Unique
0000000743.png;;;;;;Unique
0000000744.png;;;;;;Unique
0000000746.png;;;;;;Unique
0000000747.png;;;;;;Unique
0000000748.png;;;;;;Unique
0000000750.png;;;;;;Unique
0000000751.png;;;;;;Unique
0000000752.png;;;;;;Unique
0000000754.png;;;;;;Unique
0000000755.png;;;;;;Unique
0000000756.png;;;;;;Unique
0000000758.png;;;;;;Unique
0000000759.png;;;;;;Unique
0000000760.png;;;;;;Unique
0000000762.png;;;;;;Unique
0000000763.png;;;;;;Unique
0000000765.png;;;;;;Unique
0000000766.png;;;;;;Unique
0000000767.png;;;;;;Unique
0000000769.png;;;;;;Unique
0000000770.png;;;;;;Unique
0000000771.png;;;;;;Unique
0000000773.png;;;;;;Unique
0000000774.png;;;;;;Unique
0000000775.png;;;;;;Unique
0000000777.png;;;;;;Unique
0000000778.png;;;;;;Unique
0000000779.png;;;;;;Unique
0000000781.png;;;;;;Unique
0000000782.png;;;;;;Unique
0000000783.png;;;;;;Unique
0000000785.png;;;;;;Unique
0000000786.png;;;;;;Unique
0000000787.png;;;;;;Unique
0000000789.png;;;;;;Unique
0000000790.png;;;;;;Unique
0000000791.png;;;;;;Unique
0000000793.png;;;;;;Unique
0000000794.png;;;;;;Unique
0000000796.png;;;;;;Unique
0000000797.png;;;;;;Unique
0000000798.png;;;;;;Unique
0000000800.png;;;;;;Unique
0000000801.png;;;;;;Unique
0000000802.png;;;;;;Unique
0000000804.png;;;;;;Unique
0000000805.png;;;;;;Unique
0000000806.png;;;;;;Unique
0000000808.png;;;;;;Unique
0000000809.png;;;;;;Unique
0000000810.png;;;;;;Unique
0000000812.png;;;;;;Unique
0000000813.png;;;;;;Unique
0000000814.png;;;;;;Unique
0000000816.png;;;;;;Unique
0000000817.png;;;;;;Unique
0000000818.png;;;;;;Unique
0000000820.png;;;;;;Unique
0000000821.png;;;;;;Unique
0000000822.png;;;;;;Unique
0000000824.png;;;;;;Unique
0000000825.png;;;;;;Unique
0000000827.png;;;;;;Unique
0000000828.png;;;;;;Unique
0000000829.png;;;;;;Unique
0000000831.png;;;;;;Unique
0000000832.png;;;;;;Unique
0000000833.png;;;;;;Unique
0000000835.png;;;;;;Unique
0000000836.png;;;;;;Unique
0000000837.png;;;;;;Unique
0000000839.png;;;;;;Unique
0000000840.png;;;;;;Unique
0000000841.png;;;;;;Unique
0000000843.png;;;;;;Unique
0000000844.png;;;;;;Unique
0000000845.png;;;;;;Unique
0000000847.png;;;;;;Unique
0000000848.png;;;;;;Unique
0000000849.png;;;;;;Unique
0000000851.png;;;;;;Unique
0000000852.png;;;;;;Unique
0000000853.png;;;;;;Unique
0000000855.png;;;;;;Unique
0000000856.png;;;;;;Unique
0000000858.png;;;;;;Unique
0000000859.png;;;;;;Unique
0000000860.png;;;;;;Unique
0000000862.png;;;;;;Unique
0000000863.png;;;;;;Unique
0000000864.png;;;;;;Unique
0000000866.png;;;;;;Unique
0000000867.png;;;;;;Unique
0000000868.png;;;;;;Unique
0000000870.png;;;;;;Unique
0000000871.png;;;;;;Unique
0000000872.png;;;;;;Unique
0000000874.png;;;;;;Unique
0000000875.png;;;;;;Unique
0000000876.png;;;;;;Unique
0000000878.png;;;;;;Unique
0000000879.png;;;;;;Unique
0000000880.png;;;;;;Unique
0000000882.png;;;;;;Unique
0000000883.png;;;;;;Unique
0000000884.png;;;;;;Unique
0000000886.png;;;;;;Unique
0000000887.png;;;;;;Unique
0000000889.png;;;;;;Unique
0000000890.png;;;;;;Unique
0000000891.png;;;;;;Unique
0000000893.png;;;;;;Unique
0000000894.png;;;;;;Unique
0000000895.png;;;;;;Unique
0000000897.png;;;;;;Unique
0000000898.png;;;;;;Unique
0000000899.png;;;;;;Unique
0000000901.png;;;;;;Unique
0000000902.png;;;;;;Unique
0000000903.png;;;;;;Unique
0000000905.png;;;;;;Unique
0000000906.png;;;;;;Unique
0000000907.png;;;;;;Unique
0000000909.png;;;;;;Unique
0000000910.png;;;;;;Unique
0000000911.png;;;;;;Unique
0000000913.png;;;;;;Unique
0000000914.png;;;;;;Unique
0000000915.png;;;;;;Unique
0000000917.png;;;;;;Unique
0000000918.png;;;;;;Unique
0000000920.png;;;;;;Unique
0000000921.png;;;;;;Unique
0000000922.png;;;;;;Unique
0000000924.png;;;;;;Unique
0000000925.png;;;;;;Unique
0000000926.png;;;;;;Unique
0000000928.png;;;;;;Unique
0000000929.png;;;;;;Unique
0000000930.png;;;;;;Unique
;;;;;;Unique
;;;;;;Unique
;;;;;;Unique
;;;;;;Unique
;;;;;;Unique
;;;;;;Unique
;;;;;;Unique
;;;;;;Unique
;;;;;;Unique
;;;;;;Unique
;;;;;;Unique
;;;;;;Unique
;;;;;;Unique
;;;;;;Unique
;;;;;;Unique
;;;;;;Unique
;;;;;;Unique
;;;;;;Unique
;;;;;;Unique
;;;;;;Unique
;;;;;;Unique
;;;;;;Unique
;;;;;;Unique
;;;;;;Unique
;;;;;;Unique
;;;;;;Unique
;;;;;;Unique
;;;;;;Unique
;;;;;;Unique
;;;;;;Unique
;;;;;;Unique
;;;;;;Unique
;;;;;;Unique
;;;;;;Unique
;;;;;;Unique
;;;;;;Unique
;;;;;;Unique
;;;;;;Unique
;;;;;;Unique
;;;;;;Unique
;;;;;;Unique
;;;;;;Unique
;;;;;;Unique
;;;;;;Unique
;;;;;;Unique
;;;;;;Unique
;;;;;;Unique
;;;;;;Unique
;;;;;;Unique
;;;;;;Unique
;;;;;;Unique
;;;;;;Unique
;;;;;;Unique
;;;;;;Unique
;;;;;;Unique
;;;;;;Unique
;;;;;;Unique
;;;;;;Unique
;;;;;;Unique
;;;;;;Unique
;;;;;;Unique
;;;;;;Unique
;;;;;;Unique
;;;;;;Unique
;;;;;;Unique
;;;;;;Unique
;;;;;;Unique
;;;;;;Unique
;;;;;;Unique
;;;;;;Unique
;;;;;;Unique
;;;;;;Unique
;;;;;;Unique
;;;;;;Unique
;;;;;;Unique
;;;;;;Unique
;;;;;;Unique
;;;;;;Unique
;;;;;;Unique
;;;;;;Unique
;;;;;;Unique
;;;;;;Unique
;;;;;;Unique
;;;;;;Unique
;;;;;;Unique
;;;;;;Unique
;;;;;;Unique
;;;;;;Unique
;;;;;;Unique
;;;;;;Unique
;;;;;;Unique
;;;;;;Unique
;;;;;;Unique
;;;;;;Unique
;;;;;;Unique
;;;;;;Unique
;;;;;;Unique
;;;;;;Unique
;;;;;;Unique
;;;;;;Unique
;;;;;;Unique
;;;;;;Unique
;;;;;;Unique
;;;;;;Unique
;;;;;;Unique
;;;;;;Unique
;;;;;;Unique
;;;;;;Unique
;;;;;;Unique
